{
  "train_loss": [
    0.069954514503479,
    0.33154720067977905,
    0.3191019296646118,
    0.12146328389644623,
    0.17616072297096252,
    0.18386156857013702,
    0.1066448837518692,
    0.07239684462547302
  ],
  "val_loss": [
    0.3331329822540283,
    0.3235630691051483,
    0.07701431214809418,
    0.20737464725971222,
    0.20187878608703613,
    0.11007032543420792,
    0.07718559354543686,
    0.09978348016738892
  ]
}